;Air_Quality
41;Poor
3777;Good
2998;Good
4469;Poor
3422;Good
1308;Good
1591;Good
660;Good
950;Good
4665;Moderate
2519;Poor
4613;Moderate
3547;Poor
2569;Moderate
1801;Moderate
3121;Moderate
4007;Good
2328;Moderate
4163;Poor
3082;Moderate
4133;Moderate
1038;Good
1621;Poor
1984;Good
3891;Good
1012;Hazardous
1803;Moderate
1686;Poor
2911;Hazardous
1140;Good
2132;Poor
762;Moderate
4728;Good
1368;Poor
3358;Good
426;Hazardous
249;Hazardous
2318;Poor
4047;Moderate
375;Poor
3517;Good
4420;Hazardous
1825;Moderate
4811;Moderate
2575;Moderate
3539;Moderate
3996;Moderate
4584;Good
3042;Moderate
4306;Poor
4664;Hazardous
3566;Moderate
2958;Moderate
2627;Moderate
3267;Good
1900;Poor
2093;Good
1629;Moderate
365;Good
3418;Moderate
1877;Good
1562;Good
4523;Good
1447;Poor
3325;Good
1935;Moderate
658;Moderate
531;Good
3283;Moderate
618;Good
3139;Moderate
1859;Moderate
1576;Poor
1225;Moderate
3428;Good
287;Poor
460;Moderate
4935;Good
1748;Good
4593;Good
2224;Moderate
4580;Moderate
758;Moderate
3382;Good
4677;Moderate
3541;Moderate
2935;Hazardous
2609;Good
2520;Good
1456;Poor
2393;Hazardous
3310;Moderate
2487;Good
2024;Hazardous
1170;Good
665;Good
940;Good
2584;Poor
4477;Moderate
1656;Poor
267;Hazardous
2847;Moderate
4573;Good
4598;Moderate
721;Good
3768;Poor
827;Good
1166;Moderate
3044;Moderate
4702;Moderate
2135;Poor
4263;Good
3124;Good
949;Good
2837;Hazardous
1636;Good
4246;Moderate
24;Good
1286;Good
119;Good
181;Moderate
3764;Good
1094;Good
1510;Poor
1265;Good
4941;Moderate
3058;Moderate
3660;Good
4440;Poor
4649;Good
4061;Hazardous
3005;Good
1193;Poor
2230;Good
3334;Good
2954;Moderate
116;Good
4724;Moderate
1869;Good
4865;Hazardous
566;Poor
1774;Poor
969;Moderate
683;Moderate
4426;Moderate
2456;Good
4826;Good
104;Hazardous
2477;Poor
2111;Good
1328;Good
3628;Good
183;Good
4342;Moderate
2957;Hazardous
1580;Moderate
1805;Moderate
4216;Good
1912;Good
1741;Poor
3431;Moderate
1595;Moderate
60;Good
1915;Good
841;Moderate
2803;Good
784;Good
3362;Good
2303;Good
1322;Moderate
3473;Good
4354;Poor
4947;Moderate
1523;Moderate
4120;Moderate
1575;Good
4432;Moderate
1187;Good
3016;Hazardous
179;Good
66;Poor
2797;Moderate
191;Poor
1346;Good
3007;Good
2723;Moderate
1695;Good
1754;Poor
2851;Hazardous
90;Good
4627;Good
3567;Good
3811;Poor
4151;Poor
816;Good
3262;Good
3285;Hazardous
1920;Good
3053;Poor
2005;Good
2185;Moderate
2535;Good
1097;Good
1120;Good
3135;Moderate
2873;Poor
2307;Moderate
2092;Hazardous
376;Moderate
3191;Moderate
2383;Poor
1020;Hazardous
2538;Moderate
1599;Hazardous
1874;Poor
106;Hazardous
2354;Poor
1348;Good
420;Moderate
3187;Moderate
1196;Moderate
862;Moderate
3246;Good
1722;Moderate
960;Hazardous
2556;Poor
2021;Hazardous
4778;Good
2558;Moderate
471;Moderate
3245;Good
4713;Moderate
4729;Poor
737;Moderate
526;Moderate
1373;Poor
3355;Moderate
4645;Poor
1370;Moderate
1134;Good
4548;Poor
138;Moderate
4969;Good
3331;Good
3161;Good
616;Moderate
4299;Poor
3419;Moderate
336;Good
2553;Good
1923;Good
4162;Poor
501;Poor
1360;Poor
3532;Moderate
4784;Good
258;Hazardous
447;Good
4308;Moderate
4668;Moderate
3592;Good
2546;Poor
891;Good
350;Hazardous
2985;Good
2853;Good
1685;Poor
959;Poor
4500;Poor
4504;Moderate
608;Moderate
184;Moderate
3488;Good
918;Hazardous
3987;Moderate
2736;Hazardous
1049;Good
2326;Poor
198;Hazardous
983;Hazardous
2394;Poor
2447;Moderate
2651;Good
3656;Moderate
524;Good
3903;Moderate
4238;Moderate
2459;Poor
4714;Poor
2531;Moderate
3400;Moderate
4284;Poor
2781;Hazardous
2293;Good
1459;Moderate
3295;Good
2413;Good
3954;Good
529;Hazardous
3701;Moderate
4753;Moderate
4208;Poor
639;Hazardous
3849;Poor
3015;Poor
2209;Hazardous
1226;Moderate
1411;Good
2963;Moderate
2838;Moderate
3507;Good
4895;Poor
3494;Good
2462;Poor
194;Moderate
4616;Good
4594;Hazardous
1895;Moderate
4503;Good
4543;Moderate
3636;Good
2641;Poor
4004;Good
4278;Moderate
728;Good
3394;Moderate
799;Poor
3028;Good
1455;Good
279;Good
1433;Good
3945;Moderate
3985;Good
1124;Moderate
2154;Poor
4259;Moderate
4578;Good
3896;Good
1087;Poor
3224;Good
3313;Poor
3378;Good
239;Poor
2171;Good
598;Moderate
3700;Good
1361;Good
2521;Hazardous
4239;Moderate
1833;Hazardous
3322;Good
4896;Hazardous
1775;Poor
2241;Moderate
4908;Moderate
1597;Poor
4485;Good
2172;Good
3061;Good
174;Poor
773;Moderate
3193;Good
2709;Moderate
4228;Hazardous
3260;Moderate
2058;Good
1843;Moderate
2422;Moderate
2020;Hazardous
4633;Hazardous
2893;Moderate
4493;Good
276;Moderate
3068;Moderate
4802;Moderate
4387;Poor
4547;Good
2842;Good
485;Moderate
3132;Moderate
4031;Hazardous
2155;Poor
1099;Poor
691;Poor
2116;Moderate
3111;Good
4725;Good
3817;Poor
229;Poor
4415;Good
2151;Moderate
1419;Poor
2734;Good
1817;Poor
3033;Poor
2500;Moderate
2909;Poor
1607;Hazardous
2025;Good
192;Hazardous
3054;Moderate
4116;Hazardous
4720;Good
1334;Moderate
218;Moderate
3675;Poor
3679;Good
2822;Poor
3882;Moderate
1194;Poor
4525;Moderate
1554;Hazardous
3552;Hazardous
1700;Poor
1505;Good
811;Good
4063;Good
21;Good
1053;Poor
3074;Hazardous
1252;Moderate
2232;Good
2708;Poor
4737;Good
3370;Good
4507;Moderate
3002;Poor
2864;Good
973;Moderate
1676;Moderate
3286;Good
1624;Moderate
4462;Poor
3004;Hazardous
4369;Moderate
2990;Good
996;Good
710;Good
2330;Good
4588;Hazardous
2593;Moderate
3025;Good
4001;Good
4391;Good
4917;Moderate
4971;Poor
4857;Good
3237;Poor
4833;Good
274;Moderate
3451;Moderate
2710;Good
1399;Good
4222;Good
4134;Good
1765;Hazardous
789;Moderate
3367;Poor
1191;Good
1565;Poor
739;Good
1854;Hazardous
3279;Poor
3852;Moderate
1669;Moderate
2367;Good
3226;Hazardous
3706;Moderate
760;Good
4198;Good
818;Good
4407;Hazardous
537;Moderate
3826;Poor
3453;Moderate
4381;Poor
2181;Good
1787;Good
3366;Moderate
1883;Good
4623;Good
4501;Good
321;Hazardous
3970;Good
4137;Good
2752;Poor
2526;Hazardous
1566;Moderate
3306;Hazardous
705;Good
3726;Good
1936;Hazardous
776;Poor
1725;Poor
602;Moderate
4751;Moderate
2110;Good
118;Hazardous
4522;Good
462;Moderate
1522;Good
1469;Poor
2144;Good
448;Good
1867;Moderate
809;Poor
4229;Poor
3047;Moderate
1990;Poor
251;Moderate
3607;Moderate
4581;Good
3125;Good
1879;Moderate
455;Moderate
177;Poor
1578;Moderate
1353;Moderate
1763;Moderate
4596;Good
1180;Good
2011;Good
335;Moderate
2148;Moderate
535;Moderate
1502;Good
702;Moderate
2652;Good
4439;Moderate
984;Moderate
2583;Moderate
1683;Hazardous
1228;Moderate
3441;Hazardous
1698;Good
791;Poor
216;Good
4271;Good
1461;Moderate
1068;Good
3116;Moderate
3442;Poor
4077;Hazardous
2701;Poor
1156;Moderate
771;Good
3207;Hazardous
2849;Poor
377;Moderate
1009;Good
470;Good
1530;Moderate
828;Moderate
1766;Hazardous
3185;Good
4561;Moderate
3474;Hazardous
3130;Moderate
3676;Good
4932;Moderate
320;Poor
2697;Moderate
2693;Good
947;Good
4199;Moderate
3815;Good
4060;Moderate
1692;Good
1897;Hazardous
3598;Hazardous
147;Hazardous
2082;Poor
1792;Poor
4150;Good
4693;Moderate
2806;Moderate
1567;Moderate
157;Good
3569;Poor
2902;Poor
0;Moderate
2037;Moderate
1836;Good
4260;Moderate
4620;Poor
3497;Good
2700;Moderate
567;Good
4373;Good
1069;Moderate
3854;Poor
4131;Good
3582;Moderate
3073;Poor
3678;Good
385;Moderate
3531;Poor
1313;Moderate
2164;Good
3407;Poor
2968;Good
1712;Good
347;Good
1738;Moderate
1157;Poor
4675;Good
1708;Good
832;Good
4307;Hazardous
231;Poor
1251;Poor
1358;Good
3873;Good
722;Moderate
3526;Poor
4473;Poor
1145;Poor
255;Good
4156;Good
2784;Moderate
175;Moderate
1819;Hazardous
2741;Moderate
1839;Good
736;Poor
423;Good
3515;Moderate
4988;Good
1690;Poor
1377;Good
4424;Moderate
1880;Good
2686;Good
4018;Moderate
2391;Hazardous
3057;Hazardous
4741;Hazardous
4402;Poor
1857;Good
4689;Moderate
4566;Moderate
2157;Good
1888;Hazardous
1834;Poor
3212;Poor
2844;Good
2403;Moderate
341;Good
4676;Good
506;Good
75;Moderate
2238;Good
4075;Good
2865;Moderate
45;Good
154;Hazardous
4384;Good
1307;Good
2858;Good
3900;Moderate
2254;Good
292;Hazardous
2733;Moderate
433;Poor
4876;Good
3307;Poor
2588;Good
1691;Moderate
2478;Moderate
3668;Good
1264;Poor
3440;Poor
782;Moderate
488;Poor
4852;Good
765;Good
1972;Moderate
1441;Poor
2804;Good
680;Good
3529;Hazardous
3537;Hazardous
578;Moderate
4347;Good
3277;Moderate
4335;Hazardous
3336;Good
2536;Moderate
3544;Good
4101;Moderate
2666;Hazardous
977;Hazardous
1788;Moderate
3231;Good
1214;Moderate
4670;Moderate
1382;Moderate
1184;Hazardous
3705;Poor
1408;Good
3575;Good
2129;Moderate
4539;Moderate
1950;Good
4000;Good
712;Moderate
340;Hazardous
3296;Good
2831;Moderate
2267;Moderate
581;Moderate
3253;Good
3812;Good
1828;Moderate
1331;Poor
2544;Hazardous
4281;Moderate
2198;Good
749;Good
3433;Poor
3272;Good
4610;Hazardous
2852;Good
2118;Moderate
57;Moderate
1824;Good
4160;Good
4970;Moderate
4607;Moderate
1881;Poor
2926;Poor
833;Good
2960;Good
4172;Good
3957;Good
4309;Good
297;Moderate
4943;Good
4139;Good
871;Moderate
991;Hazardous
111;Poor
3092;Poor
3339;Good
344;Good
672;Moderate
4146;Good
674;Good
1814;Good
92;Good
31;Good
826;Hazardous
869;Poor
4806;Poor
4961;Hazardous
3563;Good
461;Hazardous
2859;Moderate
2483;Moderate
4375;Good
1421;Moderate
3457;Moderate
49;Moderate
2161;Good
4017;Moderate
1524;Poor
3821;Poor
4173;Hazardous
2113;Moderate
2032;Moderate
1657;Good
689;Good
3138;Good
3743;Poor
4359;Poor
4058;Poor
4738;Good
2146;Good
865;Hazardous
675;Good
1903;Moderate
2023;Good
4474;Good
4269;Good
379;Moderate
4965;Moderate
2637;Poor
1052;Good
2467;Moderate
1579;Hazardous
1634;Moderate
4100;Good
2590;Hazardous
3881;Hazardous
490;Good
2068;Poor
1458;Good
3992;Good
3984;Good
922;Poor
2939;Moderate
3997;Moderate
3360;Good
4195;Good
3351;Good
4401;Moderate
225;Moderate
3165;Poor
2815;Poor
512;Poor
1777;Poor
981;Hazardous
504;Poor
4870;Moderate
3921;Good
629;Good
3316;Hazardous
4880;Good
396;Good
1232;Moderate
2880;Moderate
2628;Moderate
4766;Good
3756;Moderate
2780;Good
2714;Poor
4502;Moderate
2662;Poor
3203;Moderate
4078;Moderate
2372;Good
4019;Poor
4821;Good
3037;Poor
4193;Good
1384;Poor
769;Moderate
3254;Good
4186;Good
1164;Moderate
4820;Hazardous
4312;Good
237;Good
2750;Moderate
4849;Moderate
930;Moderate
4673;Poor
1139;Poor
1244;Good
3145;Good
553;Moderate
4603;Hazardous
95;Poor
360;Good
2433;Hazardous
4551;Good
2202;Poor
698;Moderate
2889;Good
280;Good
1750;Good
4167;Hazardous
1269;Hazardous
2062;Good
3542;Moderate
976;Poor
1336;Hazardous
4170;Good
4083;Good
3181;Poor
538;Poor
1779;Poor
1716;Moderate
2086;Moderate
4877;Good
4398;Hazardous
4145;Moderate
3180;Hazardous
3221;Moderate
550;Poor
2679;Good
738;Moderate
206;Good
2886;Good
3266;Good
1826;Good
623;Moderate
4280;Poor
3052;Good
4171;Good
1720;Good
2120;Moderate
4248;Good
2306;Hazardous
129;Good
1910;Hazardous
756;Poor
536;Good
4152;Good
586;Moderate
1311;Poor
2656;Poor
904;Moderate
163;Moderate
2749;Good
2952;Good
407;Good
3169;Moderate
76;Moderate
1506;Good
3182;Poor
3229;Hazardous
886;Moderate
3379;Good
3030;Poor
887;Good
2140;Good
1921;Moderate
3897;Poor
2506;Good
4027;Good
1964;Good
3819;Good
78;Poor
4830;Moderate
4438;Moderate
4161;Poor
3697;Hazardous
2527;Good
4710;Moderate
3476;Good
4998;Good
3408;Good
4800;Hazardous
1609;Good
2003;Good
2551;Good
1985;Moderate
2727;Good
3616;Moderate
980;Poor
617;Moderate
552;Poor
4456;Good
1339;Good
1181;Good
1391;Moderate
1061;Moderate
1764;Good
301;Good
1211;Moderate
4367;Hazardous
1735;Hazardous
130;Moderate
4886;Hazardous
4836;Moderate
3925;Moderate
1036;Good
68;Good
4780;Good
2089;Moderate
709;Good
245;Poor
1971;Poor
4446;Moderate
2220;Moderate
3289;Good
4867;Moderate
1604;Good
4310;Good
982;Moderate
900;Good
1997;Good
1829;Moderate
357;Good
844;Good
2332;Good
2756;Good
734;Good
434;Good
4410;Moderate
429;Moderate
868;Good
4526;Poor
3093;Poor
4707;Good
4740;Moderate
2778;Good
4234;Good
610;Good
208;Good
2236;Moderate
3730;Good
812;Good
322;Moderate
998;Moderate
186;Poor
1464;Poor
121;Good
4595;Good
948;Good
1141;Moderate
3769;Poor
1479;Hazardous
4057;Poor
596;Good
4788;Good
1812;Moderate
4735;Hazardous
2322;Moderate
3594;Poor
4153;Moderate
1876;Good
1288;Hazardous
3518;Poor
4757;Hazardous
1201;Good
2692;Good
4479;Poor
432;Good
4213;Moderate
453;Good
1273;Moderate
1065;Good
1827;Poor
884;Moderate
919;Moderate
2028;Moderate
3707;Good
4052;Moderate
870;Poor
4429;Poor
3038;Hazardous
597;Moderate
4314;Good
4942;Poor
1767;Poor
4015;Poor
2101;Good
1396;Moderate
1902;Good
2195;Good
4977;Good
1261;Moderate
2934;Good
4487;Moderate
4860;Hazardous
3940;Poor
330;Poor
4774;Good
127;Good
4164;Poor
2888;Moderate
3067;Poor
4748;Moderate
3553;Good
2870;Hazardous
630;Poor
3170;Poor
3048;Good
392;Poor
2773;Moderate
3773;Moderate
2470;Poor
500;Moderate
2788;Moderate
593;Moderate
4118;Moderate
3906;Moderate
740;Moderate
1498;Good
4920;Moderate
3287;Moderate
2027;Good
2603;Good
4040;Good
4529;Moderate
2735;Poor
1802;Good
4814;Hazardous
3785;Good
3942;Good
164;Moderate
3159;Good
4405;Good
3194;Hazardous
962;Good
1422;Good
2125;Good
3104;Moderate
1178;Good
1378;Good
2311;Good
2643;Moderate
641;Good
489;Hazardous
246;Hazardous
2177;Hazardous
546;Good
1992;Poor
1815;Hazardous
3184;Hazardous
2077;Good
3935;Good
3915;Good
1067;Good
3655;Poor
4615;Moderate
4261;Good
718;Good
3627;Moderate
224;Poor
4749;Good
4349;Good
3848;Moderate
235;Moderate
3524;Good
2412;Moderate
281;Poor
4095;Moderate
1887;Good
966;Good
2979;Poor
2906;Moderate
1161;Poor
299;Good
1494;Good
2357;Good
4576;Moderate
795;Good
2452;Good
4488;Moderate
2312;Good
2013;Good
59;Poor
2170;Poor
464;Good
2811;Good
4416;Hazardous
2304;Good
1381;Good
4189;Moderate
533;Poor
4457;Poor
872;Poor
1209;Moderate
3835;Good
4434;Good
1116;Poor
3389;Poor
1478;Hazardous
898;Hazardous
4783;Hazardous
1471;Moderate
3349;Hazardous
4298;Good
4362;Good
1202;Poor
2457;Poor
565;Good
424;Good
120;Moderate
2212;Good
3496;Moderate
4929;Good
4330;Good
4069;Good
2895;Poor
4630;Poor
987;Good
3779;Moderate
3783;Moderate
3424;Poor
3738;Poor
778;Good
2547;Moderate
62;Poor
4406;Moderate
1780;Good
3364;Moderate
3023;Moderate
23;Good
3375;Moderate
1451;Poor
600;Poor
2289;Good
1535;Good
2848;Poor
1262;Poor
2183;Poor
3098;Hazardous
1468;Poor
4903;Poor
4574;Good
1551;Poor
3884;Moderate
1174;Poor
1952;Poor
2794;Moderate
1080;Moderate
3301;Moderate
1980;Good
3461;Moderate
4013;Good
2131;Poor
4653;Hazardous
4070;Good
1026;Moderate
3708;Poor
4832;Good
4254;Good
985;Good
2392;Poor
3500;Moderate
3837;Moderate
3438;Moderate
4841;Good
70;Good
2552;Moderate
3564;Hazardous
3493;Good
3840;Poor
141;Moderate
12;Good
2276;Hazardous
1931;Good
2993;Poor
3748;Moderate
516;Good
3846;Poor
1132;Hazardous
1759;Moderate
1714;Good
1493;Good
3806;Poor
1660;Moderate
4887;Poor
2695;Hazardous
1016;Good
1376;Good
2075;Poor
989;Moderate
3640;Moderate
2281;Poor
4326;Good
4087;Moderate
143;Moderate
571;Hazardous
3535;Good
1521;Moderate
882;Hazardous
2568;Good
3550;Poor
1270;Good
4464;Good
878;Poor
3750;Moderate
2265;Poor
4291;Hazardous
2204;Good
1480;Moderate
3083;Good
3653;Poor
1045;Good
1652;Good
398;Poor
3275;Good
2313;Good
2334;Poor
243;Moderate
1025;Good
2370;Moderate
3684;Good
1640;Moderate
409;Moderate
1183;Poor
2168;Poor
4739;Good
3533;Hazardous
2098;Moderate
590;Poor
3444;Poor
3220;Good
1799;Good
2492;Good
1315;Poor
3630;Good
168;Moderate
2658;Poor
436;Moderate
3294;Moderate
4813;Good
587;Good
4215;Good
3603;Moderate
2688;Moderate
3872;Good
2351;Good
1142;Good
2309;Good
4891;Good
2946;Good
2540;Good
3148;Poor
399;Moderate
4848;Good
874;Good
4822;Moderate
564;Poor
1550;Poor
2748;Moderate
325;Poor
741;Good
2165;Good
4008;Poor
1905;Poor
1238;Moderate
1023;Good
1483;Hazardous
4383;Poor
2947;Poor
4511;Poor
4224;Hazardous
2197;Good
2287;Good
2775;Good
4756;Good
2051;Moderate
3602;Moderate
1975;Poor
1344;Poor
3789;Good
677;Moderate
1176;Hazardous
588;Poor
2938;Good
2124;Good
1632;Moderate
3808;Moderate
1389;Hazardous
4279;Moderate
3465;Good
1445;Good
594;Poor
4641;Moderate
1476;Good
445;Good
422;Good
1704;Poor
908;Poor
1417;Good
3725;Good
2674;Moderate
2481;Moderate
497;Poor
2999;Moderate
2898;Good
4064;Moderate
4742;Poor
921;Moderate
1965;Good
644;Good
1710;Good
1039;Good
4863;Moderate
1341;Poor
897;Hazardous
419;Good
4490;Hazardous
1655;Moderate
1584;Hazardous
395;Good
4128;Moderate
839;Good
2295;Good
686;Hazardous
2850;Good
3963;Poor
540;Good
3133;Moderate
3268;Moderate
2261;Good
1846;Moderate
4583;Good
306;Good
4856;Moderate
4637;Good
4995;Hazardous
4082;Good
2661;Good
2115;Moderate
3844;Moderate
4102;Moderate
1598;Good
1830;Good
1125;Hazardous
1472;Moderate
1215;Hazardous
4389;Hazardous
1739;Moderate
1612;Poor
1223;Moderate
1783;Good
905;Poor
4223;Moderate
212;Poor
4184;Moderate
4763;Good
42;Poor
1375;Good
877;Poor
3039;Hazardous
2607;Good
1999;Poor
2371;Good
2582;Poor
3861;Good
3799;Moderate
2972;Poor
3317;Good
3495;Good
849;Moderate
1274;Moderate
2507;Good
4715;Good
3144;Poor
3672;Moderate
3323;Moderate
3788;Good
4666;Hazardous
2929;Poor
3551;Poor
3324;Poor
3950;Moderate
3810;Poor
1192;Good
2244;Moderate
2400;Moderate
4455;Poor
2297;Moderate
4933;Moderate
1369;Good
986;Good
4786;Poor
585;Poor
1169;Good
569;Moderate
2142;Moderate
1364;Good
801;Moderate
4964;Moderate
4843;Good
394;Good
4428;Poor
1630;Hazardous
2716;Good
2026;Good
2050;Poor
4875;Good
3464;Poor
968;Hazardous
2076;Good
912;Good
1514;Good
3009;Hazardous
1878;Moderate
1810;Moderate
3242;Good
655;Moderate
3199;Moderate
1113;Poor
1786;Moderate
3147;Poor
4268;Moderate
1796;Good
638;Poor
4621;Hazardous
4404;Poor
3969;Poor
2316;Moderate
3527;Moderate
1845;Hazardous
40;Hazardous
4847;Moderate
648;Poor
4185;Moderate
2206;Good
3893;Good
1726;Poor
3647;Poor
920;Good
303;Good
4371;Hazardous
4571;Moderate
4499;Hazardous
1093;Moderate
2763;Moderate
1922;Moderate
1732;Good
4334;Poor
2476;Hazardous
3208;Moderate
4699;Good
3340;Poor
1946;Poor
20;Moderate
498;Poor
2278;Hazardous
768;Moderate
342;Good
3055;Moderate
2162;Hazardous
2563;Good
4600;Good
3136;Good
1542;Good
318;Good
1108;Good
4093;Good
4798;Poor
2288;Moderate
3519;Good
2499;Good
1354;Moderate
1303;Hazardous
2243;Good
4196;Good
1071;Moderate
1380;Good
2918;Good
857;Good
430;Moderate
496;Good
2294;Good
568;Good
690;Poor
3397;Hazardous
646;Good
451;Good
3371;Good
358;Good
3979;Good
1109;Good
2468;Good
4564;Poor
2160;Moderate
1414;Good
48;Good
720;Moderate
1832;Hazardous
2504;Hazardous
2488;Good
209;Moderate
2885;Good
4377;Good
3871;Poor
3923;Moderate
2517;Moderate
3249;Poor
3162;Moderate
4348;Good
176;Hazardous
2384;Moderate
2718;Poor
2126;Hazardous
3540;Moderate
2670;Good
944;Hazardous
3200;Poor
2826;Moderate
1519;Poor
1393;Good
3983;Good
2417;Poor
1934;Good
1549;Good
3385;Good
1385;Moderate
4388;Good
1059;Poor
35;Moderate
1703;Good
2799;Moderate
2927;Poor
135;Moderate
3081;Good
2830;Good
2630;Good
1220;Poor
1198;Moderate
3807;Moderate
3681;Good
2034;Hazardous
4142;Good
1991;Moderate
4754;Moderate
1248;Hazardous
55;Poor
4436;Moderate
3146;Moderate
230;Good
1002;Good
3816;Poor
2010;Poor
807;Poor
3568;Moderate
1906;Good
2147;Good
1705;Moderate
1280;Moderate
3479;Hazardous
3280;Poor
3320;Poor
3071;Hazardous
3584;Hazardous
4351;Hazardous
2455;Poor
4039;Poor
3196;Good
3677;Good
1295;Poor
3887;Good
1647;Good
3459;Good
4264;Moderate
595;Good
1218;Good
1838;Hazardous
16;Good
3171;Moderate
410;Poor
4901;Poor
1590;Good
326;Moderate
2524;Good
1518;Good
2967;Good
911;Good
2285;Hazardous
532;Good
4874;Moderate
701;Poor
3947;Poor
4048;Good
2572;Moderate
444;Good
4011;Moderate
2194;Good
3685;Hazardous
730;Moderate
4967;Hazardous
362;Poor
480;Good
3870;Good
3534;Moderate
458;Poor
1410;Moderate
1649;Good
4704;Moderate
3060;Good
112;Good
1831;Moderate
2769;Poor
607;Good
4909;Good
1363;Poor
3704;Moderate
373;Poor
2331;Good
4497;Good
4492;Poor
4631;Good
2632;Good
1491;Moderate
896;Good
241;Moderate
2950;Good
1947;Good
1436;Good
315;Good
2956;Moderate
3108;Poor
3290;Moderate
4498;Good
2346;Poor
3864;Moderate
4528;Moderate
1431;Hazardous
664;Good
4793;Poor
1320;Hazardous
4294;Moderate
625;Good
3258;Poor
1487;Good
3040;Moderate
2079;Good
717;Poor
3850;Good
2977;Good
573;Moderate
4109;Poor
2069;Poor
450;Moderate
3447;Good
3269;Good
1453;Poor
4678;Good
4290;Moderate
2969;Poor
3223;Hazardous
994;Hazardous
2991;Good
2002;Good
670;Good
2812;Moderate
2875;Good
3745;Moderate
93;Poor
145;Good
4667;Good
3000;Good
389;Poor
2648;Good
2866;Good
4691;Good
1978;Good
4400;Good
3558;Poor
2625;Good
1689;Moderate
4712;Poor
4206;Moderate
3691;Good
3376;Hazardous
4283;Moderate
1526;Good
2634;Good
647;Good
2217;Good
1402;Good
681;Hazardous
4392;Good
2878;Poor
4113;Good
4591;Hazardous
180;Hazardous
2100;Good
3086;Moderate
715;Moderate
172;Good
89;Poor
2043;Moderate
3836;Poor
1639;Good
4489;Moderate
2105;Poor
834;Hazardous
3674;Good
1240;Moderate
1989;Moderate
938;Good
3314;Moderate
2702;Good
3520;Good
3374;Poor
4582;Good
4002;Moderate
3828;Good
4906;Poor
1953;Poor
3977;Moderate
946;Moderate
4459;Poor
4303;Moderate
934;Good
63;Good
2856;Poor
3577;Moderate
1841;Good
1293;Moderate
753;Moderate
2368;Hazardous
2097;Good
1702;Good
866;Hazardous
2945;Good
1707;Good
4617;Moderate
1835;Moderate
835;Good
4080;Good
4955;Poor
860;Hazardous
2523;Good
222;Good
3798;Good
4136;Moderate
1875;Moderate
3813;Hazardous
2883;Poor
4844;Moderate
1158;Good
3523;Moderate
2739;Good
4628;Good
2269;Hazardous
2416;Hazardous
814;Good
3288;Hazardous
2349;Good
4203;Poor
2450;Moderate
4454;Good
4716;Good
2783;Good
4879;Poor
2493;Good
10;Good
1719;Moderate
2973;Moderate
3506;Hazardous
82;Poor
4166;Moderate
2065;Poor
1387;Poor
359;Good
3990;Hazardous
2835;Moderate
4993;Moderate
3455;Hazardous
3154;Good
1899;Good
3215;Good
1001;Good
2919;Good
3265;Good
492;Poor
751;Moderate
1074;Good
4883;Good
1967;Good
4065;Good
278;Moderate
1853;Good
4358;Moderate
4340;Moderate
3483;Good
1548;Poor
1571;Good
3329;Hazardous
167;Good
4612;Hazardous
446;Moderate
846;Good
4329;Good
2808;Good
2755;Poor
3888;Moderate
3508;Hazardous
4258;Hazardous
3960;Moderate
3878;Good
4343;Poor
3946;Moderate
2150;Poor
806;Hazardous
4183;Poor
511;Good
4818;Poor
4508;Poor
3772;Good
4442;Poor
3352;Moderate
1239;Good
50;Hazardous
3059;Good
3555;Good
1484;Moderate
3087;Hazardous
1279;Good
77;Good
4795;Poor
4232;Poor
3703;Moderate
4452;Hazardous
2434;Good
217;Poor
3045;Moderate
3344;Moderate
286;Good
2275;Poor
4940;Moderate
1123;Moderate
3264;Good
4730;Good
889;Poor
4073;Good
2114;Hazardous
4154;Poor
1625;Good
2175;Moderate
895;Good
3492;Good
3904;Good
4317;Poor
2795;Good
3195;Good
3843;Poor
2768;Good
3244;Good
642;Moderate
727;Moderate
3420;Good
4794;Moderate
4636;Moderate
1871;Good
4005;Moderate
3818;Moderate
34;Good
1129;Poor
650;Moderate
1312;Good
443;Good
729;Good
284;Moderate
525;Hazardous
956;Moderate
4214;Good
1104;Poor
1772;Poor
1333;Moderate
4859;Moderate
3291;Moderate
3856;Good
1547;Moderate
4209;Moderate
2047;Good
273;Moderate
2373;Poor
957;Good
1155;Poor
2379;Poor
3841;Moderate
79;Good
1403;Poor
4781;Good
2333;Good
4910;Moderate
4010;Moderate
854;Moderate
4927;Moderate
1680;Good
2900;Good
3395;Poor
1610;Poor
2587;Hazardous
2342;Good
4825;Good
2931;Moderate
2932;Hazardous
2776;Good
657;Moderate
775;Good
4524;Moderate
39;Hazardous
1437;Poor
725;Good
3129;Moderate
4221;Good
2012;Poor
557;Poor
3079;Moderate
3234;Moderate
4658;Moderate
4399;Good
1210;Poor
2810;Good
15;Moderate
3417;Moderate
2623;Hazardous
3680;Poor
1092;Poor
3281;Good
4422;Moderate
4176;Good
1325;Poor
3333;Good
4045;Moderate
3958;Good
3332;Hazardous
1165;Good
4538;Good
1051;Good
2881;Poor
199;Moderate
2264;Good
1367;Hazardous
47;Good
1008;Moderate
4648;Poor
3321;Good
1583;Good
3955;Moderate
4994;Good
2843;Moderate
575;Moderate
679;Moderate
2173;Good
2715;Good
4038;Good
4662;Good
3649;Good
913;Good
1620;Good
1340;Moderate
4661;Poor
1247;Hazardous
1511;Moderate
547;Good
2229;Good
903;Good
401;Poor
4256;Moderate
881;Moderate
2824;Good
4824;Hazardous
1460;Poor
3612;Poor
332;Good
711;Moderate
3064;Moderate
4785;Moderate
842;Good
1355;Good
2245;Moderate
3460;Poor
2327;Poor
619;Moderate
4481;Hazardous
1490;Good
4732;Poor
4744;Good
3646;Poor
4034;Good
1804;Poor
28;Good
803;Good
363;Good
847;Moderate
2905;Moderate
3343;Moderate
4202;Good
4953;Moderate
4684;Moderate
3402;Good
4717;Moderate
4894;Moderate
1148;Good
932;Moderate
380;Moderate
4441;Good
2425;Good
3134;Hazardous
3141;Good
3114;Good
3729;Moderate
4483;Hazardous
3583;Good
2530;Poor
219;Hazardous
400;Good
1352;Moderate
2049;Hazardous
2213;Poor
1677;Poor
4510;Hazardous
4639;Poor
4819;Moderate
4954;Good
4888;Poor
3937;Good
3643;Poor
3403;Good
457;Good
1077;Poor
2321;Poor
3699;Good
2933;Good
1909;Moderate
3401;Poor
2;Moderate
2053;Moderate
2122;Moderate
1119;Good
221;Good
1959;Moderate
4322;Good
1791;Moderate
1319;Good
4437;Moderate
2533;Hazardous
2613;Good
1203;Good
2292;Good
1213;Poor
3847;Good
3586;Moderate
2219;Moderate
1359;Moderate
1366;Good
3090;Poor
2574;Moderate
4534;Good
4071;Moderate
1557;Poor
1886;Good
4305;Good
978;Poor
171;Moderate
3803;Hazardous
3149;Good
4126;Good
1372;Good
4869;Poor
4570;Moderate
669;Hazardous
3233;Poor
2668;Good
1855;Hazardous
4357;Poor
3521;Moderate
2606;Good
574;Moderate
624;Poor
4618;Poor
1637;Moderate
3886;Good
150;Hazardous
312;Moderate
3975;Good
548;Moderate
1033;Moderate
3241;Poor
1208;Good
3632;Good
1296;Good
3982;Good
300;Good
926;Good
636;Good
3980;Moderate
1962;Good
819;Good
4829;Good
2592;Poor
3880;Moderate
1728;Good
2301;Poor
1374;Good
1477;Poor
3615;Poor
3580;Good
2916;Good
293;Good
4787;Poor
4188;Good
2965;Poor
785;Poor
1569;Poor
1671;Moderate
3094;Hazardous
3251;Poor
3100;Good
3723;Good
162;Poor
352;Moderate
2604;Poor
3752;Good
4722;Good
2279;Hazardous
4378;Good
1151;Poor
750;Good
744;Poor
4036;Good
4444;Moderate
3271;Hazardous
3126;Good
3406;Moderate
3767;Moderate
4972;Moderate
928;Good
1893;Good
1515;Hazardous
1925;Moderate
1079;Moderate
663;Hazardous
3860;Good
4928;Moderate
1443;Poor
2296;Good
3029;Poor
132;Moderate
4460;Good
4333;Poor
1543;Moderate
2223;Moderate
2703;Good
1611;Hazardous
4328;Moderate
1118;Good
2041;Moderate
4861;Good
3458;Moderate
3626;Good
408;Good
1450;Hazardous
2159;Good
3919;Poor
3696;Good
4540;Hazardous
158;Moderate
4922;Moderate
2901;Hazardous
4276;Poor
3664;Moderate
2502;Poor
2970;Good
894;Moderate
3876;Good
3838;Moderate
2362;Good
4934;Good
3559;Hazardous
4289;Moderate
4368;Moderate
1682;Poor
4711;Moderate
995;Good
3070;Moderate
1914;Good
468;Good
2409;Moderate
482;Moderate
51;Good
1285;Good
4681;Good
3931;Moderate
4114;Good
188;Good
2817;Moderate
2498;Poor
836;Poor
1281;Good
3491;Good
2222;Moderate
1256;Moderate
699;Poor
4542;Good
3396;Good
2389;Good
2631;Moderate
592;Moderate
713;Poor
4997;Moderate
659;Poor
1143;Poor
1415;Moderate
4518;Hazardous
2031;Good
651;Poor
3974;Good
4465;Good
1084;Poor
4251;Moderate
2298;Good
4130;Good
442;Good
1245;Good
153;Moderate
3692;Moderate
2807;Good
2680;Good
2996;Moderate
652;Moderate
3609;Good
4913;Moderate
3206;Moderate
3017;Moderate
4056;Moderate
3391;Good
3173;Moderate
1449;Good
348;Hazardous
2200;Moderate
4494;Moderate
3210;Good
3205;Poor
3158;Moderate
4344;Good
1175;Moderate
3576;Moderate
3953;Moderate
2480;Poor
4461;Moderate
993;Good
2616;Moderate
3426;Moderate
1057;Poor
1070;Good
1263;Hazardous
1699;Poor
4302;Good
3820;Moderate
3902;Moderate
4020;Moderate
495;Good
1635;Moderate
3710;Poor
1392;Good
3793;Good
421;Good
1663;Good
1626;Good
2004;Moderate
2869;Poor
1474;Good
1746;Good
1098;Moderate
936;Moderate
265;Good
796;Moderate
1011;Good
2823;Good
2186;Poor
282;Hazardous
4516;Good
1809;Moderate
3920;Good
88;Good
2325;Good
2395;Moderate
2923;Good
3409;Good
3914;Moderate
2839;Good
3842;Poor
3933;Good
2622;Moderate
3368;Poor
4823;Moderate
1351;Good
1651;Good
61;Poor
3645;Poor
3571;Poor
3036;Poor
4315;Moderate
1007;Moderate
3151;Poor
2832;Good
3610;Good
1693;Moderate
3077;Moderate
3572;Good
4770;Hazardous
2099;Good
2189;Moderate
1942;Good
4652;Moderate
1371;Good
1561;Good
3650;Poor
2067;Good
1432;Poor
1675;Moderate
1406;Moderate
3858;Good
2491;Moderate
2987;Good
3330;Moderate
2280;Poor
3890;Moderate
3686;Poor
2290;Hazardous
269;Hazardous
3595;Good
232;Hazardous
2345;Moderate
4734;Hazardous
2809;Good
3709;Poor
1205;Poor
4899;Good
4067;Moderate
3753;Poor
2424;Good
1904;Good
4721;Good
764;Good
3498;Moderate
3381;Moderate
3733;Moderate
361;Moderate
4905;Good
747;Moderate
4773;Moderate
1646;Moderate
1110;Hazardous
861;Moderate
1674;Poor
3437;Good
2022;Good
285;Moderate
1395;Hazardous
1234;Good
2406;Poor
4050;Poor
43;Poor
4374;Good
3019;Good
792;Good
4535;Poor
3719;Moderate
4385;Hazardous
1122;Good
2128;Good
491;Moderate
4602;Good
2063;Moderate
1890;Poor
1970;Good
2720;Moderate
2376;Poor
4950;Poor
1103;Hazardous
2793;Moderate
4939;Good
2081;Good
38;Good
1446;Good
4881;Moderate
1811;Poor
4091;Good
3120;Moderate
4353;Good
767;Moderate
4835;Good
4974;Good
556;Poor
4862;Hazardous
3213;Moderate
2953;Moderate
4267;Moderate
2814;Good
1645;Good
3445;Poor
4044;Good
2796;Moderate
4532;Good
1503;Hazardous
2460;Good
1850;Moderate
1969;Moderate
3562;Hazardous
2188;Moderate
943;Poor
46;Good
2597;Good
1974;Moderate
1243;Good
3510;Good
1073;Good
387;Poor
2138;Moderate
4324;Moderate
4963;Moderate
4191;Poor
1275;Poor
474;Poor
892;Poor
3830;Good
3634;Good
2095;Good
692;Moderate
2268;Moderate
4393;Good
3078;Moderate
3228;Good
822;Poor
766;Poor
3599;Poor
2764;Moderate
4012;Moderate
4752;Moderate
3063;Hazardous
1130;Poor
3276;Hazardous
3425;Moderate
1284;Moderate
2986;Good
3956;Good
3822;Moderate
4979;Poor
1257;Good
1982;Hazardous
2861;Good
136;Hazardous
1568;Poor
294;Hazardous
3050;Good
244;Good
2798;Moderate
4245;Hazardous
774;Poor
742;Good
125;Moderate
3590;Moderate
3635;Good
3263;Poor
1858;Good
3010;Good
123;Poor
1066;Good
3999;Good
3671;Good
4332;Good
3993;Good
521;Good
3430;Moderate
2046;Poor
3538;Moderate
589;Good
3175;Good
3309;Poor
3398;Moderate
1536;Good
2976;Moderate
4938;Hazardous
2323;Moderate
1138;Moderate
979;Poor
1388;Poor
2940;Moderate
3934;Good
4300;Moderate
1852;Poor
731;Good
3238;Moderate
329;Poor
4797;Moderate
1941;Moderate
1386;Hazardous
514;Good
1405;Moderate
4495;Moderate
3075;Moderate
226;Good
65;Good
2566;Good
1485;Good
794;Good
953;Good
2649;Moderate
3663;Poor
58;Moderate
354;Moderate
4201;Poor
3327;Good
2178;Good
4304;Moderate
2782;Moderate
2274;Poor
4356;Moderate
4097;Moderate
4703;Good
101;Moderate
678;Poor
2818;Good
3239;Moderate
1230;Hazardous
945;Moderate
4430;Moderate
1212;Poor
2365;Poor
2696;Good
1046;Moderate
3091;Moderate
840;Poor
388;Good
2508;Poor
4695;Moderate
1856;Hazardous
1983;Moderate
3724;Moderate
2388;Moderate
156;Moderate
3427;Poor
393;Poor
3197;Moderate
627;Good
1823;Moderate
2667;Poor
1115;Good
4084;Poor
4250;Moderate
390;Good
2917;Good
346;Good
3877;Poor
1217;Good
4944;Moderate
3065;Poor
1541;Poor
2359;Poor
4035;Good
2361;Good
2801;Moderate
2030;Good
2008;Moderate
2083;Moderate
4996;Moderate
2291;Poor
2857;Moderate
763;Hazardous
1601;Good
1896;Good
311;Good
305;Moderate
4726;Good
418;Good
1259;Moderate
2117;Good
2687;Moderate
2548;Good
2746;Good
3304;Hazardous
3435;Hazardous
155;Moderate
4006;Good
4809;Good
2055;Moderate
4650;Moderate
2743;Moderate
2112;Moderate
2964;Good
4366;Good
3611;Poor
3648;Moderate
716;Good
283;Moderate
4680;Moderate
4105;Hazardous
2176;Poor
1589;Good
2599;Good
4350;Moderate
1301;Moderate
640;Poor
2048;Good
2620;Good
1863;Hazardous
4530;Poor
259;Moderate
2829;Good
3373;Good
2910;Moderate
2729;Good
613;Good
2570;Good
923;Moderate
942;Poor
2420;Poor
1661;Good
693;Good
1102;Hazardous
314;Moderate
1885;Moderate
2672;Moderate
3765;Poor
3140;Good
3204;Good
1743;Good
1235;Moderate
1250;Poor
4204;Good
4249;Poor
3866;Good
3924;Poor
2992;Good
2215;Good
2994;Moderate
1901;Hazardous
2676;Good
2121;Good
522;Poor
3166;Good
3754;Hazardous
289;Poor
1454;Moderate
1475;Moderate
1290;Moderate
2827;Moderate
178;Hazardous
4791;Good
2266;Good
554;Poor
2930;Good
941;Good
3066;Hazardous
1426;Poor
2221;Hazardous
22;Good
3003;Good
1075;Good
3746;Moderate
4355;Good
3243;Good
3484;Moderate
1818;Good
4915;Moderate
4579;Poor
2762;Good
1769;Hazardous
277;Good
634;Moderate
487;Moderate
3278;Good
36;Good
1870;Hazardous
4395;Good
1135;Moderate
4758;Good
1606;Good
3776;Moderate
275;Good
4403;Hazardous
3561;Moderate
4253;Good
2473;Poor
2408;Hazardous
476;Good
633;Good
1993;Good
3225;Good
2730;Good
902;Good
378;Good
3119;Good
2282;Moderate
264;Poor
2343;Good
2974;Hazardous
4266;Good
3443;Good
855;Good
4685;Moderate
3693;Hazardous
4413;Good
1654;Good
3236;Poor
3359;Good
1681;Hazardous
4427;Poor
933;Good
4147;Good
2876;Poor
4014;Good
248;Good
3471;Good
3853;Good
2514;Poor
1343;Moderate
3235;Poor
4772;Good
4759;Poor
73;Good
4697;Good
3809;Poor
2717;Good
2896;Good
4079;Good
4032;Poor
3698;Good
1316;Moderate
334;Hazardous
864;Good
2890;Poor
1186;Moderate
2904;Good
1300;Moderate
4799;Good
3936;Good
4512;Moderate
1558;Good
2423;Moderate
3117;Good
3536;Moderate
1907;Good
4179;Good
3211;Poor
2564;Poor
1292;Poor
3651;Good
3967;Moderate
1911;Moderate
4352;Good
4986;Hazardous
4086;Moderate
2995;Good
1128;Hazardous
4638;Moderate
3829;Poor
4991;Moderate
3865;Poor
1383;Good
1188;Poor
1944;Poor
4873;Good
4339;Good
1089;Hazardous
2591;Moderate
1144;Good
3585;Moderate
2602;Good
370;Moderate
2644;Poor
2090;Moderate
3644;Good
3758;Good
2792;Hazardous
726;Poor
3688;Good
3930;Good
3658;Good
160;Good
4962;Moderate
2722;Moderate
4468;Moderate
1782;Good
4030;Moderate
3292;Moderate
3972;Good
134;Moderate
3597;Poor
2820;Moderate
4192;Good
2136;Good
4723;Good
2528;Moderate
1206;Good
1246;Moderate
2711;Good
1294;Moderate
4632;Moderate
3429;Good
3652;Good
2401;Poor
2497;Good
3230;Good
974;Moderate
4527;Good
3717;Good
4708;Moderate
614;Moderate
2744;Moderate
4230;Good
4431;Moderate
3755;Moderate
2485;Good
4775;Moderate
2694;Good
1552;Moderate
2001;Poor
1665;Good
2474;Good
1095;Poor
1520;Good
1582;Moderate
2913;Moderate
1019;Moderate
1047;Moderate
3739;Good
2443;Moderate
3637;Poor
2671;Good
3916;Good
732;Good
2107;Moderate
4211;Poor
793;Hazardous
3218;Poor
4475;Moderate
4827;Good
4282;Poor
4321;Poor
2646;Good
3574;Hazardous
2959;Good
1721;Good
2444;Moderate
2336;Poor
1409;Moderate
4746;Moderate
1937;Good
257;Moderate
3348;Good
1996;Moderate
1761;Good
653;Good
2249;Good
3423;Good
493;Good
3941;Good
5;Hazardous
3909;Good
2482;Poor
1335;Good
367;Moderate
1054;Good
3172;Hazardous
2225;Moderate
2581;Moderate
1784;Good
562;Poor
3446;Good
3178;Good
2437;Good
777;Moderate
319;Good
3335;Good
415;Moderate
4025;Good
1030;Moderate
4094;Good
3991;Moderate
3720;Good
1467;Moderate
851;Good
1219;Moderate
2494;Good
3907;Poor
1842;Good
1631;Poor
2429;Moderate
4323;Moderate
2256;Good
817;Poor
561;Moderate
958;Poor
4688;Poor
2596;Poor
1496;Good
3796;Moderate
1600;Moderate
331;Good
4285;Good
3794;Hazardous
643;Moderate
3757;Poor
3641;Moderate
1041;Good
570;Good
1237;Poor
3399;Poor
3859;Good
4672;Good
4871;Moderate
3905;Poor
3862;Moderate
621;Moderate
4918;Poor
4505;Poor
704;Good
4272;Good
295;Good
1594;Hazardous
1029;Moderate
2355;Poor
366;Poor
3802;Moderate
1778;Moderate
3814;Hazardous
4200;Poor
2253;Hazardous
345;Hazardous
1572;Moderate
2356;Good
601;Moderate
3525;Good
1153;Good
1528;Good
3629;Hazardous
2352;Good
4225;Good
2060;Moderate
519;Poor
2180;Good
2610;Poor
4981;Hazardous
2557;Good
3365;Poor
1401;Moderate
1;Moderate
4318;Good
1949;Moderate
757;Hazardous
4210;Poor
4519;Good
1042;Moderate
1998;Moderate
238;Poor
3505;Good
2899;Good
440;Moderate
2216;Good
1088;Moderate
3080;Moderate
3659;Poor
1872;Hazardous
4761;Good
1050;Hazardous
3192;Hazardous
1121;Moderate
805;Good
2805;Hazardous
1932;Moderate
4449;Good
1673;Moderate
3543;Good
3137;Poor
4111;Good
384;Poor
1185;Poor
4380;Good
69;Moderate
3875;Hazardous
3662;Good
3874;Poor
1771;Good
661;Good
1758;Good
4365;Poor
4059;Good
1981;Good
2240;Hazardous
1916;Moderate
2951;Good
4531;Moderate
530;Good
4141;Good
1638;Good
242;Good
4217;Poor
4397;Moderate
3257;Good
3618;Poor
81;Good
1365;Moderate
3910;Moderate
4123;Good
780;Poor
3961;Good
268;Moderate
645;Moderate
4989;Hazardous
3669;Good
4647;Moderate
2685;Poor
2344;Poor
3642;Hazardous
151;Poor
1306;Moderate
2821;Good
211;Good
952;Good
2579;Hazardous
1753;Moderate
2324;Good
1147;Poor
2418;Moderate
4660;Good
4926;Hazardous
4390;Moderate
1596;Poor
4016;Poor
4625;Moderate
2137;Poor
2127;Good
1939;Good
4148;Poor
3605;Good
4220;Moderate
1616;Moderate
3593;Good
1837;Moderate
1731;Poor
3432;Moderate
667;Poor
4550;Good
405;Poor
1329;Moderate
1918;Poor
1800;Good
1927;Moderate
253;Good
2006;Hazardous
2347;Good
4320;Moderate
2227;Poor
2757;Poor
213;Hazardous
3790;Moderate
4659;Good
2273;Good
997;Moderate
3741;Good
4937;Good
748;Good
2645;Moderate
830;Good
3962;Moderate
4255;Moderate
4090;Moderate
3932;Moderate
3315;Good
1556;Good
2537;Good
4984;Good
4777;Poor
4959;Moderate
2363;Good
3714;Good
2503;Poor
113;Moderate
2054;Good
2411;Moderate
3103;Good
3467;Moderate
829;Hazardous
1283;Good
3839;Poor
3164;Hazardous
3620;Good
583;Good
2636;Good
1860;Good
1043;Moderate
2300;Moderate
4364;Moderate
1851;Moderate
4026;Good
3638;Poor
723;Poor
2732;Moderate
1945;Good
3011;Good
4;Good
1420;Poor
2207;Poor
873;Good
479;Good
2237;Good
3469;Moderate
4029;Hazardous
2257;Moderate
3973;Poor
165;Poor
4408;Good
7;Moderate
190;Poor
1666;Poor
4386;Hazardous
4411;Good
3528;Hazardous
4597;Good
3899;Good
963;Poor
4743;Good
3734;Moderate
270;Good
804;Poor
4663;Hazardous
3721;Moderate
4982;Good
3762;Hazardous
2611;Hazardous
3976;Moderate
99;Poor
975;Moderate
4674;Poor
4884;Good
1694;Good
703;Poor
1413;Moderate
2143;Good
611;Moderate
4601;Moderate
364;Good
1540;Good
4923;Poor
2017;Poor
1444;Moderate
810;Moderate
2427;Good
1021;Moderate
1207;Moderate
4450;Moderate
1015;Good
1866;Good
2971;Poor
3369;Hazardous
2382;Good
372;Moderate
899;Good
662;Moderate
3695;Good
304;Moderate
509;Hazardous
2390;Poor
2260;Moderate
3160;Moderate
4904;Hazardous
787;Poor
3284;Moderate
971;Moderate
3570;Poor
954;Good
2770;Good
4936;Good
4127;Moderate
1032;Moderate
2862;Poor
3308;Good
2647;Poor
1267;Moderate
3463;Moderate
2660;Good
3342;Moderate
2430;Moderate
4421;Good
4296;Poor
3780;Good
2196;Good
824;Moderate
196;Good
3868;Good
2466;Good
4831;Moderate
4394;Good
1086;Good
368;Good
3319;Good
2813;Moderate
2015;Moderate
513;Hazardous
2924;Poor
3968;Moderate
2920;Poor
790;Poor
2072;Good
413;Poor
3056;Good
2879;Hazardous
3174;Good
494;Moderate
4327;Hazardous
2657;Hazardous
2284;Moderate
539;Poor
2891;Poor
1017;Good
1083;Moderate
2109;Moderate
1423;Hazardous
4804;Good
1709;Good
2612;Hazardous
1489;Good
4207;Poor
1684;Poor
626;Poor
761;Moderate
30;Hazardous
2966;Good
3778;Poor
1357;Moderate
402;Moderate
4606;Good
1014;Hazardous
1615;Good
1961;Good
863;Poor
1465;Poor
4718;Poor
3179;Moderate
1585;Hazardous
1806;Poor
579;Moderate
1253;Good
2501;Good
4605;Hazardous
2353;Poor
1617;Moderate
483;Poor
2884;Good
102;Good
4839;Moderate
1627;Good
148;Good
3282;Good
676;Moderate
1106;Moderate
1090;Moderate
1233;Hazardous
4106;Moderate
1966;Hazardous
3439;Good
220;Moderate
2543;Good
2044;Good
2779;Good
3728;Good
3763;Good
4043;Good
4577;Poor
3831;Poor
4287;Poor
3273;Moderate
3297;Moderate
11;Moderate
1242;Poor
3670;Moderate
2489;Good
1844;Poor
1064;Good
271;Poor
4319;Moderate
80;Good
1462;Moderate
3511;Good
1740;Good
3735;Moderate
1586;Good
2594;Poor
3014;Moderate
128;Moderate
544;Moderate
4138;Poor
2981;Moderate
3682;Moderate
1131;Good
2059;Moderate
1525;Moderate
1979;Good
4292;Good
3101;Poor
4599;Poor
888;Moderate
915;Poor
469;Moderate
1930;Good
1082;Poor
2255;Good
1926;Poor
1894;Moderate
1105;Poor
927;Moderate
4960;Good
3201;Moderate
1216;Moderate
2825;Moderate
4433;Good
4767;Good
1171;Moderate
3305;Poor
1546;Hazardous
4792;Good
4864;Poor
4629;Good
797;Moderate
1507;Moderate
3978;Good
1730;Moderate
3095;Good
307;Good
4679;Poor
1190;Hazardous
4957;Moderate
2431;Good
4966;Moderate
745;Moderate
2414;Good
337;Moderate
1324;Good
1995;Poor
1760;Moderate
3715;Moderate
3565;Moderate
4951;Poor
4417;Moderate
4558;Moderate
2704;Moderate
338;Poor
4295;Moderate
2471;Good
2863;Good
2635;Good
1255;Good
2247;Poor
2513;Good
688;Poor
4776;Good
4945;Hazardous
94;Good
2765;Hazardous
1752;Moderate
3198;Good
3018;Moderate
2445;Moderate
3392;Hazardous
4987;Good
4252;Hazardous
3209;Good
26;Good
1221;Moderate
1027;Poor
3069;Moderate
2914;Moderate
2484;Moderate
2567;Poor
545;Hazardous
4569;Hazardous
2187;Good
4241;Good
1347;Good
2348;Good
3128;Poor
2614;Good
4275;Hazardous
4850;Good
2577;Poor
452;Poor
1917;Good
4445;Good
3573;Moderate
203;Good
2655;Poor
4656;Good
1977;Moderate
2201;Moderate
3240;Hazardous
4443;Good
3361;Moderate
1473;Poor
4293;Good
3938;Good
3792;Moderate
3046;Moderate
4423;Poor
3617;Good
2515;Moderate
4790;Poor
4396;Moderate
256;Good
1816;Poor
837;Good
735;Good
3328;Poor
3099;Hazardous
2078;Poor
4174;Moderate
86;Poor
397;Poor
1258;Good
3106;Good
2903;Good
3770;Poor
3490;Poor
3702;Moderate
1452;Moderate
4425;Poor
1727;Good
2374;Moderate
3966;Hazardous
2192;Poor
4893;Hazardous
3716;Poor
4418;Good
2724;Moderate
2576;Hazardous
1305;Moderate
3694;Moderate
4480;Good
1345;Good
4779;Good
631;Hazardous
4046;Good
2102;Good
56;Moderate
3031;Good
4747;Moderate
2410;Poor
3436;Good
951;Good
1797;Poor
3142;Moderate
4559;Good
4496;Poor
2834;Good
1500;Poor
4270;Moderate
3747;Poor
4808;Poor
1168;Hazardous
2663;Moderate
74;Good
4654;Good
1330;Moderate
1486;Poor
3654;Moderate
1379;Good
2819;Good
4021;Moderate
126;Moderate
3922;Good
1006;Good
2650;Good
2319;Poor
2532;Poor
3021;Moderate
1091;Good
4157;Good
3354;Poor
4288;Good
3823;Good
170;Good
19;Poor
1271;Moderate
3232;Hazardous
3089;Moderate
2665;Good
1793;Good
4144;Poor
1749;Good
204;Poor
4521;Poor
584;Moderate
4980;Good
2534;Good
1044;Moderate
3857;Hazardous
3805;Poor
4409;Good
3666;Poor
2894;Moderate
1028;Moderate
4842;Poor
2754;Poor
1350;Poor
965;Good
4768;Good
4907;Good
2525;Hazardous
1199;Moderate
1327;Moderate
290;Moderate
2016;Good
2335;Good
4476;Good
582;Good
2358;Good
391;Hazardous
161;Moderate
2208;Moderate
1159;Poor
3186;Poor
4990;Hazardous
4076;Moderate
1531;Hazardous
4180;Good
3589;Moderate
1662;Hazardous
4552;Moderate
4514;Good
1338;Good
3096;Moderate
351;Good
4212;Good
2860;Poor
1957;Moderate
1429;Moderate
3625;Good
719;Good
3995;Good
3759;Good
4902;Good
4121;Moderate
4690;Moderate
2486;Moderate
4892;Hazardous
4968;Moderate
1309;Moderate
2908;Poor
2259;Poor
2925;Good
3689;Good
2234;Good
2868;Hazardous
4846;Good
2559;Good
2791;Good
4451;Moderate
3380;Poor
2106;Moderate
2415;Moderate
802;Moderate
4054;Moderate
1179;Good
456;Good
1864;Good
324;Hazardous
2855;Poor
970;Good
1470;Hazardous
52;Moderate
4003;Moderate
3951;Moderate
1781;Good
2211;Moderate
3393;Good
84;Good
2589;Good
4346;Good
783;Moderate
3898;Moderate
4651;Good
371;Hazardous
3855;Good
4545;Moderate
4765;Poor
1648;Good
1593;Moderate
576;Good
543;Moderate
3774;Good
3105;Moderate
1745;Good
1696;Hazardous
1773;Good
383;Moderate
2104;Hazardous
4484;Good
684;Moderate
1400;Good
2877;Poor
1789;Good
3927;Poor
2119;Poor
4760;Good
1527;Poor
3889;Moderate
169;Poor
2036;Moderate
3712;Poor
4297;Good
2936;Good
1418;Poor
1022;Good
2402;Moderate
2453;Moderate
1770;Good
2239;Moderate
2375;Hazardous
1112;Good
4382;Hazardous
1040;Good
2085;Moderate
427;Poor
2790;Good
2640;Moderate
746;Poor
4537;Moderate
3824;Poor
3421;Moderate
1058;Poor
1954;Poor
3122;Good
2897;Moderate
382;Moderate
2472;Good
2272;Poor
1644;Moderate
2042;Moderate
2601;Good
2378;Good
4068;Good
3784;Good
867;Moderate
4921;Good
3013;Good
3377;Moderate
3782;Good
520;Good
4363;Good
3554;Hazardous
1440;Poor
3388;Moderate
825;Poor
263;Poor
2130;Moderate
1430;Poor
4132;Moderate
4227;Hazardous
2624;Good
4626;Good
3250;Moderate
4745;Good
4885;Good
1107;Moderate
1005;Good
3622;Good
2767;Moderate
3588;Moderate
236;Poor
403;Good
1013;Good
876;Good
2210;Moderate
201;Moderate
1390;Hazardous
2314;Poor
3027;Poor
1076;Good
1608;Moderate
4338;Moderate
27;Poor
3781;Moderate
197;Moderate
1231;Poor
1701;Hazardous
3998;Good
714;Moderate
1882;Moderate
4042;Good
4028;Poor
1304;Hazardous
2407;Good
2251;Moderate
4467;Good
4930;Good
467;Poor
1581;Good
185;Good
4671;Hazardous
3801;Good
4447;Poor
4816;Poor
1933;Good
3345;Hazardous
4912;Moderate
1785;Good
4178;Good
313;Hazardous
2071;Moderate
1010;Good
2421;Good
298;Hazardous
1167;Hazardous
2511;Poor
4611;Poor
4103;Hazardous
649;Moderate
798;Good
2214;Good
770;Moderate
2654;Good
1862;Good
288;Moderate
4104;Moderate
1289;Good
4376;Moderate
3202;Good
4379;Poor
1195;Moderate
754;Good
1101;Poor
13;Good
3971;Moderate
2555;Poor
1539;Good
1268;Poor
4231;Good
1973;Poor
2545;Moderate
2846;Good
3944;Moderate
1024;Poor
4608;Good
4244;Moderate
2619;Good
1873;Hazardous
2915;Moderate
1544;Good
880;Poor
1619;Good
2228;Good
3168;Moderate
668;Moderate
4414;Hazardous
2689;Hazardous
3737;Hazardous
2066;Good
240;Good
2145;Poor
4897;Good
2381;Poor
4536;Moderate
1643;Good
1672;Moderate
4643;Moderate
431;Poor
4165;Good
3452;Good
2286;Good
1177;Poor
3261;Poor
1532;Moderate
1573;Moderate
1037;Moderate
4159;Moderate
2463;Hazardous
2399;Good
2397;Good
3687;Good
3150;Good
1798;Poor
4112;Good
820;Hazardous
4655;Poor
3480;Moderate
247;Moderate
3736;Moderate
1987;Good
473;Good
1394;Good
961;Moderate
2772;Good
4889;Moderate
3948;Good
4686;Hazardous
4341;Poor
4520;Good
1000;Moderate
2465;Good
1940;Good
4337;Good
1938;Good
44;Moderate
4709;Moderate
1227;Good
1439;Good
2271;Moderate
1776;Moderate
772;Good
3952;Poor
302;Good
4115;Moderate
381;Poor
4682;Moderate
1189;Good
1276;Poor
3034;Good
4854;Good
724;Moderate
1236;Good
2882;Good
3557;Good
2184;Moderate
3405;Hazardous
3502;Poor
3913;Moderate
262;Good
1667;Good
2199;Poor
2052;Good
2944;Moderate
1733;Hazardous
605;Hazardous
4092;Moderate
3115;Moderate
2340;Moderate
2203;Hazardous
327;Moderate
1222;Poor
875;Good
3338;Hazardous
3157;Moderate
3337;Good
4243;Poor
2997;Moderate
3766;Moderate
3274;Moderate
831;Good
4361;Poor
2713;Poor
1442;Poor
4992;Good
182;Poor
4117;Moderate
1592;Good
4733;Hazardous
2626;Good
3604;Moderate
4782;Hazardous
2759;Good
1555;Good
2975;Moderate
1813;Poor
1678;Good
2258;Good
355;Good
1757;Good
1136;Poor
910;Poor
1137;Moderate
707;Good
3041;Hazardous
2816;Good
1820;Poor
3481;Poor
3020;Moderate
1849;Poor
2152;Poor
4568;Hazardous
4453;Moderate
4762;Good
4563;Good
3454;Moderate
140;Good
2179;Good
25;Good
296;Good
3631;Moderate
632;Poor
3918;Moderate
146;Hazardous
3472;Good
907;Moderate
1679;Moderate
4853;Moderate
3516;Good
210;Moderate
3901;Good
3825;Poor
1260;Good
2962;Hazardous
1664;Good
2600;Good
2029;Good
139;Moderate
4698;Poor
808;Moderate
3299;Good
3049;Good
2928;Moderate
1407;Poor
3012;Good
580;Good
2246;Good
3353;Good
3404;Poor
3312;Good
91;Good
2248;Moderate
2080;Good
1948;Poor
4554;Good
1314;Moderate
3188;Good
1241;Moderate
2320;Moderate
4108;Good
3270;Poor
411;Moderate
254;Good
3456;Good
1958;Poor
3581;Moderate
435;Good
3791;Good
507;Good
1172;Hazardous
2386;Hazardous
1356;Good
515;Moderate
3894;Good
609;Good
4143;Poor
